,Location,Latitude,Longitude,Titles
0,Bedlam,54.0489933,-1.5925865,A Christmas Carol
1,Camden Town,51.5392533,-0.142757,A Christmas Carol
2,London,51.5074456,-0.1277653,A Christmas Carol
3,Sheba,31.2457442,34.7925181,A Christmas Carol
4,Damascus,39.2884381,-77.2038717,A Christmas Carol
5,Halloa,,,A Christmas Carol
6,Ebenezer,37.340323,-93.3071343,A Christmas Carol
7,England,52.5310214,-1.2649062,A Tale of Two Cities
8,France,46.603354,1.8883335,A Tale of Two Cities
9,London,51.5074456,-0.1277653,A Tale of Two Cities
10,Westminster,51.5004439,-0.1265398,A Tale of Two Cities
11,America,39.7837304,-100.445882,A Tale of Two Cities
12,Norway,61.1529386,8.7876653,A Tale of Two Cities
13,Paris,48.8534951,2.3483915,A Tale of Two Cities
14,Newgate,53.189006,-2.8881902,A Tale of Two Cities
15,Blackheath,51.470342,0.0058096,A Tale of Two Cities
16,Dover,51.1251275,1.3134228,A Tale of Two Cities
17,Lorry,48.9892581,6.0849045,A Tale of Two Cities
18,Calais,50.9524769,1.8538446,A Tale of Two Cities
19,Concord,43.207178,-71.537476,A Tale of Two Cities
20,Tellson,-23.3386951,149.3064798,A Tale of Two Cities
21,Beauvais,49.4300997,2.0823355,A Tale of Two Cities
22,French,46.603354,1.8883335,A Tale of Two Cities
23,Abyssinia,10.2116702,38.6521203,A Tale of Two Cities
24,Ashantee,42.8970072,-77.7647254,A Tale of Two Cities
25,Whitefriars,52.4050669,-1.5015793,A Tale of Two Cities
26,Tyburn,51.518391,-0.1529642,A Tale of Two Cities
27,Bedlam,54.0489933,-1.5925865,A Tale of Two Cities
28,Canada,61.0666922,-107.991707,A Tale of Two Cities
29,North America,51.0000002,-109.0,A Tale of Two Cities
30,Britain,54.3151594,-1.9181532,A Tale of Two Cities
31,Greece,38.9953683,21.9877132,A Tale of Two Cities
32,Rome,41.8933203,12.4829321,A Tale of Two Cities
33,Boulogne,46.7947224,-1.3210389,A Tale of Two Cities
34,Ludgate,45.894046,-80.5351369,A Tale of Two Cities
35,Sydney,-33.8698439,151.2082848,A Tale of Two Cities
36,Shrewsbury,52.707755,-2.7540658,A Tale of Two Cities
37,Clerkenwell,51.5237268,-0.1055555,A Tale of Two Cities
38,Soho,51.5140654,-0.1350494,A Tale of Two Cities
39,Notre Dame,41.7045677,-86.2382203,A Tale of Two Cities
40,Monseigneur,43.7864667,-79.4235445,A Tale of Two Cities
41,Babel,-2.7052886,106.3585607,A Tale of Two Cities
42,Cambridge,52.2055314,0.1186637,A Tale of Two Cities
43,Eden,36.4884715,-79.7667026,A Tale of Two Cities
44,Hilary,6.4244321,-9.7479131,A Tale of Two Cities
45,Ranelagh,48.8555764,2.2702166,A Tale of Two Cities
46,Stryver,39.1028637,-77.2342209,A Tale of Two Cities
47,Tellsonâ€™s,,,A Tale of Two Cities
48,Devonshire,50.7241405,-3.6607788,A Tale of Two Cities
49,Versailles,48.8035403,2.1266886,A Tale of Two Cities
50,Dâ€™Aulnais,47.7094714,-0.9207983,A Tale of Two Cities
51,Warwickshire,52.3213064,-1.5536906,A Tale of Two Cities
52,Wales,52.2928116,-3.73893,A Tale of Two Cities
53,Saint Antoine,44.0361186,0.8397552,A Tale of Two Cities
54,Hell,42.4347571,-83.9849477,A Tale of Two Cities
55,Foulon,47.1474873,0.5168804,A Tale of Two Cities
56,Examination,5.1207306,-1.2937669,A Tale of Two Cities
57,Tilson,36.0179765,-82.5347629,A Tale of Two Cities
58,Secret,-16.8602778,145.5702778,A Tale of Two Cities
59,La Force,44.8704188,0.3742764,A Tale of Two Cities
60,Manette,43.0814514,5.8561615,A Tale of Two Cities
61,Liberty,30.0856736,-94.7856262,A Tale of Two Cities
62,La,20.0171109,103.378253,A Tale of Two Cities
63,Darnay,41.8910434,34.4909196,A Tale of Two Cities
64,St. Antoine,44.0361186,0.8397552,A Tale of Two Cities
65,Barsad,,,A Tale of Two Cities
66,England,52.5310214,-1.2649062,Barnaby Rudge
67,London,51.5074456,-0.1277653,Barnaby Rudge
68,Yorkshire,53.9825271,-1.38525,Barnaby Rudge
69,Falkland Islands,-51.9492937,-59.5383657,Barnaby Rudge
70,Ludgate,45.894046,-80.5351369,Barnaby Rudge
71,Tyburn,51.518391,-0.1529642,Barnaby Rudge
72,Cornhill,57.6116818,-2.696266,Barnaby Rudge
73,Chigwell,51.6176444,0.0757204,Barnaby Rudge
74,"London,--all",40.7077377,-84.1671046,Barnaby Rudge
75,argeyment,,,Barnaby Rudge
76,Clerkenwell,51.5237268,-0.1055555,Barnaby Rudge
77,Whitechapel,51.5174861,-0.0659685,Barnaby Rudge
78,Southwark,51.5061349,-0.1011379,Barnaby Rudge
79,Aldgate,51.5142477,-0.0757186,Barnaby Rudge
80,Barbican,51.5201797,-0.0986342,Barnaby Rudge
81,Heaven,51.507865,-0.1245597,Barnaby Rudge
82,Kentish Town,51.5500554,-0.1425712,Barnaby Rudge
83,Hampstead,51.55653,-0.1783011,Barnaby Rudge
84,Kensington,51.4989948,-0.1991229,Barnaby Rudge
85,Chelsea,51.4875167,-0.1687007,Barnaby Rudge
86,Smithfield,35.5111996,-78.346102,Barnaby Rudge
87,Egypt,26.2540493,29.2675469,Barnaby Rudge
88,Edward,0.3617947,29.892856,Barnaby Rudge
89,Canterbury,51.2800275,1.0802533,Barnaby Rudge
90,Eden,36.4884715,-79.7667026,Barnaby Rudge
91,Europe,51.0,10.0,Barnaby Rudge
92,Islington,51.5384287,-0.0999051,Barnaby Rudge
93,Highgate,51.5706446,-0.1492397,Barnaby Rudge
94,Gravesend,51.4424747,0.3694468,Barnaby Rudge
95,Chatham,31.9668887,-81.0626008,Barnaby Rudge
96,Suffolk,52.2410014,1.0465716,Barnaby Rudge
97,Scottish,55.583333,-2.833333,Barnaby Rudge
98,Scotland,56.7861112,-4.1140518,Barnaby Rudge
99,Newgate,53.189006,-2.8881902,Barnaby Rudge
100,Country,-24.9380555,-53.4492587,Barnaby Rudge
101,Cheapside,51.5139127,-0.092888,Barnaby Rudge
102,Westminster,51.5004439,-0.1265398,Barnaby Rudge
103,Holborn,51.5195982,-0.1137266,Barnaby Rudge
104,Vauxhall,51.4874834,-0.1229297,Barnaby Rudge
105,Saint Omer â€™s,50.7427484,2.2579455,Barnaby Rudge
106,Paris,48.8534951,2.3483915,Barnaby Rudge
107,Surrey,51.2715316,-0.3414524,Barnaby Rudge
108,St George â€™s Fields,-34.7965215,138.5999407,Barnaby Rudge
109,Parliament,55.6759281,12.5809377,Barnaby Rudge
110,Blackfriars,51.5115854,-0.1037671,Barnaby Rudge
111,Moorfields,53.4085494,-2.9892356,Barnaby Rudge
112,Wapping,51.5071316,-0.0620152,Barnaby Rudge
113,Leicester Fields,-46.2255238,169.4099352,Barnaby Rudge
114,Damme,51.2499641,3.3217195,Barnaby Rudge
115,Houndsditch,51.516015,-0.0798215,Barnaby Rudge
116,Piccadilly,51.5064454,-0.1434673,Barnaby Rudge
117,Woolwich,51.4826696,0.0623335,Barnaby Rudge
118,Bedlam,54.0489933,-1.5925865,Barnaby Rudge
119,Finchley,51.5973246,-0.1805587,Barnaby Rudge
120,Hallo,38.3625222,35.0454211,Barnaby Rudge
121,Muster Gashford,,,Barnaby Rudge
122,durance,44.1628792,0.1611992,Barnaby Rudge
123,Britain,54.3151594,-1.9181532,Barnaby Rudge
124,China,35.000074,104.999927,Barnaby Rudge
125,America,39.7837304,-100.445882,Barnaby Rudge
126,Salwanners,,,Barnaby Rudge
127,purse,37.2829028,-116.5015116,Barnaby Rudge
128,Newgate--,53.189006,-2.8881902,Barnaby Rudge
129,Wales,52.2928116,-3.73893,Barnaby Rudge
130,Great Britain,54.3151594,-1.9181532,Barnaby Rudge
131,Bristol,51.4538022,-2.5972985,Barnaby Rudge
132,France,46.603354,1.8883335,Barnaby Rudge
133,Holland,52.2434979,5.6343227,Barnaby Rudge
134,Amsterdam,52.3730796,4.8924534,Barnaby Rudge
135,Harwich,51.9445801,1.2898522,Barnaby Rudge
136,Birmingham,52.4796992,-1.9026911,Barnaby Rudge
137,Millbank,51.4894929,-0.1279708,Barnaby Rudge
138,Verona,45.4424977,10.9857377,Bleak House
139,Rome,41.8933203,12.4829321,Bleak House
140,Rheims,42.4009049,-77.2538665,Bleak House
141,France,46.603354,1.8883335,Bleak House
142,Columbus,39.9622601,-83.0007065,Bleak House
143,Chancery,53.7249045,-7.4558109,Bleak House
144,London,51.5074456,-0.1277653,Bleak House
145,Jarndyce,51.7524191,0.4557491,Bleak House
146,Shropshire,52.6523394,-2.6435641,Bleak House
147,Paris,48.8534951,2.3483915,Bleak House
148,Lincolnshire,53.1823034,-0.2031209,Bleak House
149,Dedlock,,,Bleak House
150,Windsor,42.2858536,-82.9780695,Bleak House
151,Greenleaf,39.728336,-96.976134,Bleak House
152,Reading,51.4514953,-0.9836342,Bleak House
153,Piccadilly,51.5064454,-0.1434673,Bleak House
154,Kenge,-4.7175981,17.2717234,Bleak House
155,Hertfordshire,51.8400523,-0.0978552,Bleak House
156,Africa,11.5024338,17.7578122,Bleak House
157,Winchester,51.0612766,-1.3131692,Bleak House
158,Holborn,51.5195982,-0.1137266,Bleak House
159,Borrioboola - Gha,,,Bleak House
160,Tunbridge Wells,51.1371483,0.2673446,Bleak House
161,KROOK,60.1098489,23.4722536,Bleak House
162,Nemo,52.3738532,4.9121113,Bleak House
163,Barnet,51.65309,-0.2002261,Bleak House
164,St. Albans,51.753051,-0.3379675,Bleak House
165,India,22.3511148,78.6677428,Bleak House
166,China,35.000074,104.999927,Bleak House
167,Chesney Wold,52.0231967,-0.756839,Bleak House
168,England,52.5310214,-1.2649062,Bleak House
169,Britain,54.3151594,-1.9181532,Bleak House
170,America,39.7837304,-100.445882,Bleak House
171,Europe,51.0,10.0,Bleak House
172,Carboy,43.9402146,0.8416037,Bleak House
173,Pentonville,51.5321048,-0.1148938,Bleak House
174,Tooting,51.4278214,-0.1679667,Bleak House
175,Christendom,52.2596702,-7.0985056,Bleak House
176,Avignon,43.9492493,4.8059012,Bleak House
177,Marseilles,41.3308666,-88.7081293,Bleak House
178,Chesney,6.2558676,-57.3876666,Bleak House
179,Greece,38.9953683,21.9877132,Bleak House
180,Chelsea,51.4875167,-0.1687007,Bleak House
181,ESSE,51.4582235,7.0158171,Bleak House
182,Plymouth Harbour,50.3683292,-4.1330711,Bleak House
183,Brighton,50.8214626,-0.1400561,Bleak House
184,Kensington,51.4989948,-0.1991229,Bleak House
185,Waste,52.6281499,-6.4256356,Bleak House
186,Precedent,39.608071,-86.0626528,Bleak House
187,Tom - all - Alone â€™s,,,Bleak House
188,Devon,50.7241405,-3.6607788,Bleak House
189,Wales,52.2928116,-3.73893,Bleak House
190,Britannia,55.9821462,-3.1773092,Bleak House
191,Switzerland,46.7985624,8.2319736,Bleak House
192,Constantinople,41.006381,28.9758715,Bleak House
193,Venice,45.4371908,12.3345898,Bleak House
194,Germany,51.1638175,10.4478313,Bleak House
195,Margate,51.3878174,1.3819699,Bleak House
196,Ramsgate,51.3334726,1.4196476,Bleak House
197,Gravesend,51.4424747,0.3694468,Bleak House
198,Court,47.2398992,7.337079,Bleak House
199,Tom,55.0079712,86.8170539,Bleak House
200,ginâ€™ral,,,Bleak House
201,Deptford,51.4758453,-0.0215164,Bleak House
202,Halloa,,,Bleak House
203,Albion,54.3151594,-1.9181532,Bleak House
204,Mount Pleasant,33.1570582,-94.9694007,Bleak House
205,Saul,37.2725912,-83.4954647,Bleak House
206,Tartary,44.8035849,4.6150972,Bleak House
207,Saint Albans,51.753051,-0.3379675,Bleak House
208,Ireland,52.865196,-7.9794599,Bleak House
209,Liverpool,53.4071991,-2.99168,Bleak House
210,Terewth,,,Bleak House
211,Nero,37.7484295,-82.7434921,Bleak House
212,Newgate,53.189006,-2.8881902,Bleak House
213,Clerkenwell,51.5237268,-0.1055555,Bleak House
214,Smiffeld,,,Bleak House
215,Cornwall,50.4433489,-4.6246566,Bleak House
216,Devonshire,50.7241405,-3.6607788,Bleak House
217,Lancashire,53.8611712,-2.5650945,Bleak House
218,Scotland,56.7861112,-4.1140518,Bleak House
219,Whitefriars,52.4050669,-1.5015793,Bleak House
220,Kent,51.2070749,0.7210362,Bleak House
221,Surrey,51.2715316,-0.3414524,Bleak House
222,New Zealand,-41.5000831,172.8344077,Bleak House
223,Australey,,,Bleak House
224,North America,51.0000002,-109.0,Bleak House
225,Woolwich,51.4826696,0.0623335,Bleak House
226,Quebec,52.4760892,-71.8258668,Bleak House
227,Foodle,3.1437733,101.69581,Bleak House
228,Bath,51.3813864,-2.3596963,Bleak House
229,Welsh,52.2928116,-3.73893,Bleak House
230,Stolbuns,,,Bleak House
231,Jericho,40.7920441,-73.5398476,Bleak House
232,Manchester,53.4794892,-2.2451148,Bleak House
233,Lignum,38.415961,-77.8266604,Bleak House
234,Gibraltar,36.1285933,-5.3474761,Bleak House
235,Ve - ry,49.4711669,1.3431323,Bleak House
236,Gridley,40.7433682,-88.8814578,Bleak House
237,Plymouth,50.3714122,-4.1424451,Bleak House
238,Taunton,51.0147895,-3.1029086,Bleak House
239,Borrioboola,,,Bleak House
240,Penton Place,51.4877007,-0.0988407,Bleak House
241,Middlesex,51.5460558,-0.2537791,Bleak House
242,Kennington,51.4882861,-0.1058829,Bleak House
243,Suffolk,52.2410014,1.0465716,Bleak House
244,Great Britain,54.3151594,-1.9181532,Bleak House
245,Volumnia,41.872286,12.5327063,Bleak House
246,Moorish,53.4271208,-2.2424324,Bleak House
247,Deal,51.2239544,1.4027344,Bleak House
248,Malta,35.8885993,14.4476911,Bleak House
249,Vholes,,,Bleak House
250,Ascension,-7.942,-14.3578947,Bleak House
251,Hong Kong,22.350627,114.1849161,Bleak House
252,Almac,-26.6892073,153.113291,Bleak House
253,Highgate,51.5706446,-0.1492397,Bleak House
254,Lunnun,52.0610706,-1.3682234,Bleak House
255,Waterloo,42.498275,-92.3328743,Bleak House
256,Islington,51.5384287,-0.0999051,Bleak House
257,Yorkshire,53.9825271,-1.38525,Bleak House
258,Lambeth,51.4952111,-0.1163354,Bleak House
259,Westminster,51.5004439,-0.1265398,Bleak House
260,London,51.5074456,-0.1277653,David Copperfield
261,Blunderstone,,,David Copperfield
262,Suffolk,52.2410014,1.0465716,David Copperfield
263,Scotland,56.7861112,-4.1140518,David Copperfield
264,India,22.3511148,78.6677428,David Copperfield
265,Hamlet,34.8863657,-79.6972143,David Copperfield
266,Lowestoft,52.4766308,1.7537638,David Copperfield
267,Peggotty,51.8000941,-1.8845057,David Copperfield
268,Sheffield,53.3806626,-1.4702278,David Copperfield
269,Yarmouth,52.6071742,1.7314845,David Copperfield
270,Sunderland,54.9058512,-1.3828727,David Copperfield
271,DISGRACE,45.9085245,-115.1831746,David Copperfield
272,Murdstone,53.7759698,-1.7566553,David Copperfield
273,Heaven,51.507865,-0.1245597,David Copperfield
274,Wakefield,53.6829541,-1.4967286,David Copperfield
275,Bloonderstone,,,David Copperfield
276,Sooffolk,,,David Copperfield
277,Blackheath,51.470342,0.0058096,David Copperfield
278,Coventry,52.4081812,-1.510477,David Copperfield
279,Madrid,40.416782,-3.703507,David Copperfield
280,Oncommon,,,David Copperfield
281,Gravesen,55.8417216,12.4334481,David Copperfield
282,Gravesend,51.4424747,0.3694468,David Copperfield
283,Norfolk,52.666667,1.0,David Copperfield
284,China,35.000074,104.999927,David Copperfield
285,Blackfriars,51.5115854,-0.1037671,David Copperfield
286,Babylon,49.3975285,12.8617005,David Copperfield
287,London Bridge,51.508049,-0.0876715,David Copperfield
288,Germany,51.1638175,10.4478313,David Copperfield
289,Southwark,51.5061349,-0.1011379,David Copperfield
290,Plymouth,50.3714122,-4.1424451,David Copperfield
291,Dover,51.1251275,1.3134228,David Copperfield
292,Hythe,51.0691871,1.0840382,David Copperfield
293,Sandgate,51.0743788,1.1487129,David Copperfield
294,Folkestone,51.0791335,1.1794073,David Copperfield
295,Greenwich,51.4820845,-0.0045417,David Copperfield
296,Rochester,43.157285,-77.615214,David Copperfield
297,Canterbury,51.2800275,1.0802533,David Copperfield
298,Maidstone,51.2748258,0.5231646,David Copperfield
299,Calais,50.9524769,1.8538446,David Copperfield
300,Chatham,31.9668887,-81.0626008,David Copperfield
301,Providence,41.8239891,-71.4128343,David Copperfield
302,Grinby,,,David Copperfield
303,Trotwood,39.7972788,-84.3113334,David Copperfield
304,France,46.603354,1.8883335,David Copperfield
305,Pentonville,51.5321048,-0.1148938,David Copperfield
306,Macbeth,33.2676686,-79.9748017,David Copperfield
307,Ashford,51.148555,0.8722566,David Copperfield
308,Rome,41.8933203,12.4829321,David Copperfield
309,Highgate,51.5706446,-0.1492397,David Copperfield
310,England,52.5310214,-1.2649062,David Copperfield
311,Yarmouth Roads,41.6712684,-70.1963917,David Copperfield
312,gentâ€™lmen,,,David Copperfield
313,South America,-21.0002179,-61.0006565,David Copperfield
314,Hookey,-43.63006,171.408516,David Copperfield
315,Russia,64.6863136,97.7453061,David Copperfield
316,Egypt,26.2540493,29.2675469,David Copperfield
317,Jorkins,52.431878,-128.4983221,David Copperfield
318,St. Albans,51.753051,-0.3379675,David Copperfield
319,Oxford,51.7520131,-1.2578499,David Copperfield
320,Amigoarawaysoo,,,David Copperfield
321,Copperfield,50.912048,-113.9320979,David Copperfield
322,Esquire,51.0785281,-114.1497323,David Copperfield
323,Ely Place,52.1759669,0.1171379,David Copperfield
324,Holborn,51.5195982,-0.1137266,David Copperfield
325,Newmarket,52.2443103,0.4065503,David Copperfield
326,CAPTIVITY,14.6550391,121.062418,David Copperfield
327,Norwood,42.194543,-71.1994976,David Copperfield
328,Paris,48.8588897,2.320041,David Copperfield
329,Fairyland,-26.527996,150.9133931,David Copperfield
330,Camden Town,51.5392533,-0.142757,David Copperfield
331,Devonshire,50.7241405,-3.6607788,David Copperfield
332,Hanbury,52.2688447,-2.0527598,David Copperfield
333,"Piccadilly,--which",,,David Copperfield
334,Steerforth,51.4382703,-0.1880335,David Copperfield
335,Omer,31.2659365,34.847616,David Copperfield
336,Norwich,52.6285576,1.2923954,David Copperfield
337,Court,47.2398992,7.337079,David Copperfield
338,Guildford,51.2356068,-0.5732063,David Copperfield
339,Memory,52.4799435,-7.3229516,David Copperfield
340,Sahara,22.25,9.8,David Copperfield
341,Hampstead,51.55653,-0.1783011,David Copperfield
342,Dora,33.7286935,-87.0904188,David Copperfield
343,nankeen,-31.7222903,115.7881665,David Copperfield
344,Peru,-6.8699697,-75.0458515,David Copperfield
345,Putney,51.4625314,-0.2163018,David Copperfield
346,Italy,42.6384261,12.674297,David Copperfield
347,Calcutta,22.5726459,88.3638953,David Copperfield
348,ALL,40.8077797,-84.0572225,David Copperfield
349,Switzerland,46.7985624,8.2319736,David Copperfield
350,Naples,40.8358846,14.2487679,David Copperfield
351,Spain,39.3260685,-4.8379791,David Copperfield
352,Westminster,51.5004439,-0.1265398,David Copperfield
353,America,39.7837304,-100.445882,David Copperfield
354,Uxbridge,51.5449509,-0.4816672,David Copperfield
355,Leghorn,42.7902379,10.3402239,David Copperfield
356,Australia,-24.7761086,134.755,David Copperfield
357,Lonâ€™on,53.9694543,-8.0013318,David Copperfield
358,Hornsey,51.5873645,-0.1209667,David Copperfield
359,Ipswich,52.0579324,1.1528095,David Copperfield
360,Portugal,39.6621648,-8.1353519,David Copperfield
361,Old England,50.8428356,4.3590958,David Copperfield
362,Britannia,55.9821462,-3.1773092,David Copperfield
363,Albion,54.3151594,-1.9181532,David Copperfield
364,Britain,54.3151594,-1.9181532,David Copperfield
365,Geneva,46.2017559,6.1466014,David Copperfield
366,Traddles,36.273643,-115.2290163,David Copperfield
367,Puss,48.1984722,-120.4814831,David Copperfield
368,Kent,51.2070749,0.7210362,David Copperfield
369,Babel,-2.7052886,106.3585607,David Copperfield
370,Southampton,50.9025349,-1.404189,David Copperfield
371,Port Middlebay Harbour,,,David Copperfield
372,TERPSICHORE,52.5054466,13.5229384,David Copperfield
373,York,53.9656579,-1.0743052,Dombey and Son
374,Chaney,45.4619833,4.4309908,Dombey and Son
375,London Docks,51.5065406,-0.0716502,Dombey and Son
376,London,51.5074456,-0.1277653,Dombey and Son
377,Gog,-22.5053918,18.9715413,Dombey and Son
378,England,52.5310214,-1.2649062,Dombey and Son
379,Peckham,51.4734122,-0.0699321,Dombey and Son
380,Robinson Crusoe â€™s Island,,,Dombey and Son
381,Cornwall,50.4433489,-4.6246566,Dombey and Son
382,Deptford,51.4758453,-0.0215164,Dombey and Son
383,Jamaica Harbour,17.9383872,-77.1134173,Dombey and Son
384,Kirby,29.4613454,-98.3857901,Dombey and Son
385,Saul,37.2725912,-83.4954647,Dombey and Son
386,Camden Town,51.5392533,-0.142757,Dombey and Son
387,Banbury Cross,29.5640414,-95.2626458,Dombey and Son
388,Brighton,50.8214626,-0.1400561,Dombey and Son
389,Rottingdean,50.8034109,-0.0572093,Dombey and Son
390,India,22.3511148,78.6677428,Dombey and Son
391,Bengal,39.4735045,-85.9228997,Dombey and Son
392,Walâ€r,7.0112197,-9.9810336,Dombey and Son
393,Sandhurst,51.3502991,-0.7872655,Dombey and Son
394,Bedford,40.0271453,-78.5237447,Dombey and Son
395,Florence,43.7697955,11.2556404,Dombey and Son
396,Peruvian,14.4480364,120.9991389,Dombey and Son
397,Greek,52.3643571,4.8841943,Dombey and Son
398,Parnassus,-42.7117596,173.2912573,Dombey and Son
399,Tusculum,41.7977214,12.7074041,Dombey and Son
400,Sussex,36.9096897,-77.2741121,Dombey and Son
401,Wellington,-41.2887953,174.7772114,Dombey and Son
402,Wickam,51.8088831,-0.0266096,Dombey and Son
403,Cheapside,51.5138049,-0.0921771,Dombey and Son
404,Islington,51.5384287,-0.0999051,Dombey and Son
405,Barbados,13.1500331,-59.5250305,Dombey and Son
406,West Indies,0.5173804,35.2612102,Dombey and Son
407,Bayswater,51.5122764,-0.1883854,Dombey and Son
408,City,-37.8141705,144.9655616,Dombey and Son
409,Barnet,51.65309,-0.2002261,Dombey and Son
410,Whitby,54.4874141,-0.6155111,Dombey and Son
411,Hampstead,51.55653,-0.1783011,Dombey and Son
412,Birmingham,52.4796992,-1.9026911,Dombey and Son
413,Towlinson,,,Dombey and Son
414,Syracuse,43.0481221,-76.1474244,Dombey and Son
415,Europe,51.0,10.0,Dombey and Son
416,Leamington,52.2913394,-1.536404,Dombey and Son
417,East India,51.5093835,-0.0021873,Dombey and Son
418,Eden,36.4884715,-79.7667026,Dombey and Son
419,Harrogate,53.9921491,-1.5391039,Dombey and Son
420,Scarborough,54.2820009,-0.4011868,Dombey and Son
421,Devonshire,50.7241405,-3.6607788,Dombey and Son
422,Heaven,51.507865,-0.1245597,Dombey and Son
423,Yorkshire,53.9825271,-1.38525,Dombey and Son
424,Fulham,51.474408,-0.206809,Dombey and Son
425,Gravesend,51.4424747,0.3694468,Dombey and Son
426,Jericho,40.7920441,-73.5398476,Dombey and Son
427,Brogley,,,Dombey and Son
428,Australia,-24.7761086,134.755,Dombey and Son
429,Bagstock,53.3427825,-2.1175776,Dombey and Son
430,Ours,46.5212356,6.6406707,Dombey and Son
431,Kenilworth,42.0894728,-87.7149295,Dombey and Son
432,Warwick,52.2814519,-1.5815742,Dombey and Son
433,Ganges,25.7202249,84.1052245,Dombey and Son
434,Denmark,55.670249,10.3333283,Dombey and Son
435,Paris,48.8588897,2.320041,Dombey and Son
436,Battlebridge,51.2554459,-0.1595303,Dombey and Son
437,Balls Pond,49.051301,-57.783622,Dombey and Son
438,Kent,51.2070749,0.7210362,Dombey and Son
439,Baden - Baden,48.7610716,8.239959,Dombey and Son
440,Finchley,51.5973246,-0.1805587,Dombey and Son
441,Southampton,50.9025349,-1.404189,Dombey and Son
442,Jamaica,18.1850507,-77.3947693,Dombey and Son
443,Barbados Harbour,13.0997036,-59.6250541,Dombey and Son
444,Norwood,42.194543,-71.1994976,Dombey and Son
445,Yonder,51.5583678,5.0589003,Dombey and Son
446,Kingston - upon - Thames,51.4096275,-0.3062621,Dombey and Son
447,Berkshire,51.4534889,-1.031873,Dombey and Son
448,Anyshire,,,Dombey and Son
449,Judah,31.666667,35.166667,Dombey and Son
450,arnest,49.0332438,11.7749527,Dombey and Son
451,Rule Britannia,,,Dombey and Son
452,Greenland,77.6192349,-42.8125967,Dombey and Son
453,Warwickshire,52.3213064,-1.5536906,Dombey and Son
454,Montargis,47.9978628,2.7310072,Dombey and Son
455,Brooksâ€™s,,,Dombey and Son
456,Essex,51.7704679,0.4646698,Dombey and Son
457,Hell,42.4347571,-83.9849477,Dombey and Son
458,Dijon,47.3215806,5.0414701,Dombey and Son
459,Havre,48.5536972,-109.677802,Dombey and Son
460,Rouen,49.4404591,1.0939658,Dombey and Son
461,Sicily,37.587794,14.155048,Dombey and Son
462,Italy,42.6384261,12.674297,Dombey and Son
463,China,35.000074,104.999927,Dombey and Son
464,Canton,23.1301964,113.2592945,Dombey and Son
465,Aldgate,51.5142477,-0.0757186,Dombey and Son
466,Demerara,5.6300783,-58.3934238,Dombey and Son
467,Hooroar,,,Dombey and Son
468,France,46.603354,1.8883335,Dombey and Son
469,Geneva,46.2017559,6.1466014,Dombey and Son
470,Switzerland,46.7985624,8.2319736,Dombey and Son
471,Yonder,51.5583678,5.0589003,Great Expectations
472,Hamlet,34.8863657,-79.6972143,Great Expectations
473,England,52.5310214,-1.2649062,Great Expectations
474,London,51.5074456,-0.1277653,Great Expectations
475,Court,47.2398992,7.337079,Great Expectations
476,Lunnon town,51.4675417,-0.1503802,Great Expectations
477,France,46.603354,1.8883335,Great Expectations
478,Newgate,53.189006,-2.8881902,Great Expectations
479,Camberwell,51.4745706,-0.0925416,Great Expectations
480,Bosworth Field,42.9997804,-77.485828,Great Expectations
481,Glastonbury,51.14804,-2.716577,Great Expectations
482,Athens,33.9597677,-83.376398,Great Expectations
483,Pork,48.7928914,-116.1384398,Great Expectations
484,Cheapside,51.5138049,-0.0921771,Great Expectations
485,Little Britain,44.2855468,-78.8599597,Great Expectations
486,Smithfield,35.5111996,-78.346102,Great Expectations
487,Jaggerth,,,Great Expectations
488,Hammersmith,51.4920377,-0.2236401,Great Expectations
489,Tartar,40.3480411,46.9748562,Great Expectations
490,Ceylon,43.5335672,-94.6316462,Great Expectations
491,Europe,51.0,10.0,Great Expectations
492,Harrow,51.5968272,-0.3373046,Great Expectations
493,Cambridge,52.2055314,0.1186637,Great Expectations
494,Australia,-24.7761086,134.755,Great Expectations
495,Walworth,42.6711513,-88.5467715,Great Expectations
496,Somersetshire,51.1617509,-3.0753867,Great Expectations
497,Soho,51.5140654,-0.1350494,Great Expectations
498,Antwerp,51.2211097,4.3997081,Great Expectations
499,Paris,48.8534951,2.3483915,Great Expectations
500,Kew,51.4771443,-0.2855658,Great Expectations
501,Roscian,-27.4030104,-58.9736472,Great Expectations
502,Denmark,55.670249,10.3333283,Great Expectations
503,Richmond,37.5385087,-77.43428,Great Expectations
504,Richmonds,52.4582766,-1.9545429,Great Expectations
505,Surrey,51.2715316,-0.3414524,Great Expectations
506,Yorkshire,53.9825271,-1.38525,Great Expectations
507,Surrey Richmond,51.4690089,-0.307877,Great Expectations
508,America,39.7837304,-100.445882,Great Expectations
509,Southwark,51.5061349,-0.1011379,Great Expectations
510,Blackfriars,51.5115854,-0.1037671,Great Expectations
511,Waterloo,42.498275,-92.3328743,Great Expectations
512,Westminster,51.5004439,-0.1265398,Great Expectations
513,Vauxhall,51.4874834,-0.1229297,Great Expectations
514,Liverpool,53.4071991,-2.99168,Great Expectations
515,Satis,55.022499,43.817501,Great Expectations
516,Marseilles,41.3308666,-88.7081293,Great Expectations
517,Portsmouth,50.800031,-1.0906023,Great Expectations
518,Botany Bay,-33.9815082,151.1796169,Great Expectations
519,New South Wales,-31.8759835,147.2869493,Great Expectations
520,India,22.3511148,78.6677428,Great Expectations
521,Essex,51.7704679,0.4646698,Great Expectations
522,Epsom,51.3326098,-0.2678212,Great Expectations
523,Brentford,51.4863958,-0.3216623,Great Expectations
524,Bridewells,33.6284511,-93.5701773,Great Expectations
525,Middlesex,51.5460558,-0.2537791,Great Expectations
526,Whitefriars,52.4050669,-1.5015793,Great Expectations
527,Temple,31.0983747,-97.3429563,Great Expectations
528,Greenwich,51.4820845,-0.0045417,Great Expectations
529,Dover,51.1251275,1.3134228,Great Expectations
530,Bridge,51.2455894,1.1252825,Great Expectations
531,Windsor,42.2858536,-82.9780695,Great Expectations
532,Erith,51.480819,0.1792322,Great Expectations
533,Wemmick,51.3594273,0.5056976,Great Expectations
534,Rotterdam,51.9244424,4.47775,Great Expectations
535,Gravesend,51.4424747,0.3694468,Great Expectations
536,Hamburg,53.550341,10.000654,Great Expectations
537,Kent,51.2070749,0.7210362,Great Expectations
538,Aberdeen,57.1482429,-2.0928095,Great Expectations
539,Glasgow,55.861155,-4.2501687,Great Expectations
540,Sunderland,54.9058512,-1.3828727,Great Expectations
541,Yarmouth,52.6071742,1.7314845,Great Expectations
542,Cairo,30.0443879,31.2357257,Great Expectations
543,Halloa,,,Great Expectations
544,Hymen,-33.9601522,151.0448927,Great Expectations
545,Herbert,50.4263165,-107.2201894,Great Expectations
546,England,52.5310214,-1.2649062,Hard Times
547,Coketown,40.3456245,-80.6056291,Hard Times
548,Brentford,51.4863958,-0.3216623,Hard Times
549,London,51.5074456,-0.1277653,Hard Times
550,Kidderminster,52.3880787,-2.2478582,Hard Times
551,Sleary,,,Hard Times
552,Thquire,,,Hard Times
553,Parliamentary,4.8511398,31.5848585,Hard Times
554,Babel,-2.7052886,106.3585607,Hard Times
555,Bounderby,51.7542831,0.4532777,Hard Times
556,Wales,52.2928116,-3.73893,Hard Times
557,India,22.3511148,78.6677428,Hard Times
558,China,35.000074,104.999927,Hard Times
559,Tartary,44.8035849,4.6150972,Hard Times
560,Lyons,41.811108,-87.8232695,Hard Times
561,Jerusalem,31.7788472,35.2257856,Hard Times
562,Esquire,51.0785281,-114.1497323,Hard Times
563,Ireland,52.865196,-7.9794599,Hard Times
564,Norfolk Island,-29.0328038,167.9483137,Hard Times
565,Slackbridge,,,Hard Times
566,Antwerp,51.2211097,4.3997081,Hard Times
567,Adam,47.1208993,18.8631074,Hard Times
568,Rome,41.8933203,12.4829321,Hard Times
569,Alderney,49.7169949,-2.196889,Hard Times
570,Yorkshire,53.9825271,-1.38525,Hard Times
571,Liverpool,53.4071991,-2.99168,Hard Times
572,Japan,36.5748441,139.2394179,Hard Times
573,bithnith,,,Hard Times
574,Athleyâ€™th,,,Hard Times
575,Parith,,,Hard Times
576,Heaven,51.507865,-0.1245597,Hard Times
577,Thleary,,,Hard Times
578,Perthon,,,Hard Times
579,Chethter,,,Hard Times
580,Chelsea,51.4875167,-0.1687007,Little Dorrit
581,Bermondsey,51.4970125,-0.063268,Little Dorrit
582,Bleak House,51.3598358,1.4449668,Little Dorrit
583,London,51.5074456,-0.1277653,Little Dorrit
584,Marseilles,41.3308666,-88.7081293,Little Dorrit
585,France,46.603354,1.8883335,Little Dorrit
586,Hindoos,,,Little Dorrit
587,Neapolitans,,,Little Dorrit
588,Babel,-2.7052886,106.3585607,Little Dorrit
589,Toulon,43.1257311,5.9304919,Little Dorrit
590,Spain,39.3260685,-4.8379791,Little Dorrit
591,Algiers,36.7729333,3.0588445,Little Dorrit
592,Nice,43.7009358,7.2683912,Little Dorrit
593,Genoa,44.40726,8.9338624,Little Dorrit
594,Genoa Mole,,,Little Dorrit
595,Harbour,11.9147104,79.8241099,Little Dorrit
596,Porto Fino,35.9407619,-78.530627,Little Dorrit
597,Leghorn,42.7902379,10.3402239,Little Dorrit
598,Naples,40.8358846,14.2487679,Little Dorrit
599,Cornice,44.2506664,9.6908469,Little Dorrit
600,Lyons,41.811108,-87.8232695,Little Dorrit
601,Swiss,46.7985624,8.2319736,Little Dorrit
602,Canton de Vaud,46.6356963,6.5320717,Little Dorrit
603,Belgium,50.6402809,4.6667145,Little Dorrit
604,Paris,48.8534951,2.3483915,Little Dorrit
605,Tattycoram,,,Little Dorrit
606,China,35.000074,104.999927,Little Dorrit
607,India,22.3511148,78.6677428,Little Dorrit
608,Dover,51.1251275,1.3134228,Little Dorrit
609,Chaymaid,,,Little Dorrit
610,Cheapside,51.5139127,-0.092888,Little Dorrit
611,Egypt,26.2540493,29.2675469,Little Dorrit
612,Heaven,51.507865,-0.1245597,Little Dorrit
613,Southwark,51.5061349,-0.1011379,Little Dorrit
614,Symposium,48.8530945,2.3449268,Little Dorrit
615,Albion,54.3151594,-1.9181532,Little Dorrit
616,Billingsgate,51.5093795,-0.0831144,Little Dorrit
617,Marshalsea,50.7978306,-2.8683069,Little Dorrit
618,Canada,61.0666922,-107.991707,Little Dorrit
619,Liverpool,53.4071991,-2.99168,Little Dorrit
620,Moorfields,53.4085494,-2.9892356,Little Dorrit
621,England,52.5310214,-1.2649062,Little Dorrit
622,Camberwell,51.4745706,-0.0925416,Little Dorrit
623,Chalons,45.4458331,4.9310763,Little Dorrit
624,Great Britain,54.3151594,-1.9181532,Little Dorrit
625,Avignon,43.9492493,4.8059012,Little Dorrit
626,Britain,54.3151594,-1.9181532,Little Dorrit
627,Cheltenham,51.8995685,-2.0711559,Little Dorrit
628,Gloucestershire,51.7643786,-2.1880662,Little Dorrit
629,Scotland,56.7861112,-4.1140518,Little Dorrit
630,Henley,51.5375786,-0.9050287,Little Dorrit
631,London Bridge,51.508049,-0.0876715,Little Dorrit
632,Cornwall,50.416667,-4.75,Little Dorrit
633,Smithfield,35.5111996,-78.346102,Little Dorrit
634,Saint Bartholomew,50.0829206,14.4172026,Little Dorrit
635,Holborn,51.5195982,-0.1137266,Little Dorrit
636,Covent Garden,51.5128732,-0.1225639,Little Dorrit
637,Twickenham,51.4467444,-0.3281887,Little Dorrit
638,Fulham,51.474408,-0.206809,Little Dorrit
639,Putney,51.4625314,-0.2163018,Little Dorrit
640,Germany,51.1638175,10.4478313,Little Dorrit
641,St Petersburg,59.938732,30.316229,Little Dorrit
642,Birmingham,52.4796992,-1.9026911,Little Dorrit
643,Venice,45.4371908,12.3345898,Little Dorrit
644,Switzerland,46.7985624,8.2319736,Little Dorrit
645,Pompeii,40.7517375,14.4905636,Little Dorrit
646,Vesuvius,40.8213963,14.4261967,Little Dorrit
647,Kingston,17.9712148,-76.7928128,Little Dorrit
648,Stiltstalking,,,Little Dorrit
649,Rome,41.8933203,12.4829321,Little Dorrit
650,Turnkey,51.8732419,-176.6342363,Little Dorrit
651,Middlesex,51.5460558,-0.2537791,Little Dorrit
652,Society,51.5059345,-0.1323299,Little Dorrit
653,Millennium,40.7570832,-73.9847924,Little Dorrit
654,New Brunswick,46.500283,-66.750183,Little Dorrit
655,Africa,11.5024338,17.7578122,Little Dorrit
656,Plornish,,,Little Dorrit
657,Tunbridge Wells,51.1371483,0.2673446,Little Dorrit
658,Calais,50.9524769,1.8538446,Little Dorrit
659,Pentonville,51.5321048,-0.1148938,Little Dorrit
660,Bedfordshire,52.0640034,-0.4111138,Little Dorrit
661,York,53.9656579,-1.0743052,Little Dorrit
662,Durham,54.666667,-1.75,Little Dorrit
663,Dunstable,51.8861316,-0.5209341,Little Dorrit
664,Strait,65.8455661,-169.3785432,Little Dorrit
665,Vanity,51.5148418,-0.1335193,Little Dorrit
666,Italy-,42.6384261,12.674297,Little Dorrit
667,Italy,42.6384261,12.674297,Little Dorrit
668,Jerusalem,31.7788472,35.2257856,Little Dorrit
669,Dorsetshire,50.7968369,-2.3447323,Little Dorrit
670,Martigny,49.8646862,1.1526967,Little Dorrit
671,Geneva,46.2017559,6.1466014,Little Dorrit
672,Europe,51.0,10.0,Little Dorrit
673,Esquire,51.0785281,-114.1497323,Little Dorrit
674,Westminster,51.5004439,-0.1265398,Little Dorrit
675,Florence,43.7697955,11.2556404,Little Dorrit
676,Brighton,50.8214626,-0.1400561,Little Dorrit
677,Mediterranean,35.0000035,19.9999957,Little Dorrit
678,Marshongers,,,Little Dorrit
679,Romely,47.1684237,27.5478274,Little Dorrit
680,Mantua,45.1692628,10.6708365,Little Dorrit
681,Pisa,43.4714722,10.6797912,Little Dorrit
682,Banco,46.3743057,11.0686564,Little Dorrit
683,Eton,51.4885381,-0.6091736,Little Dorrit
684,Padrona,42.251727,-73.7882223,Little Dorrit
685,Cavalletto,42.3066283,13.4583983,Little Dorrit
686,Albano,41.7479605,12.670204,Little Dorrit
687,Newton,30.8118989,-93.740504,Little Dorrit
688,Watt,-10.1721498,123.6646451,Little Dorrit
689,Sicily,37.587794,14.155048,Little Dorrit
690,Vesta,44.5077348,-95.4163965,Little Dorrit
691,Blackheath,51.470342,0.0058096,Little Dorrit
692,Dartford,51.4443059,0.21807,Little Dorrit
693,Gravesend,51.4424747,0.3694468,Little Dorrit
694,Rochester,43.157285,-77.615214,Little Dorrit
695,Sittingbourne,51.3397366,0.7342319,Little Dorrit
696,Canterbury,51.2800275,1.0802533,Little Dorrit
697,Surrey,51.2715316,-0.3414524,Little Dorrit
698,Southampton,50.9025349,-1.404189,Little Dorrit
699,Marsiglia,43.2961743,5.3699525,Little Dorrit
700,"HIS RIVAL IN A DISTRESSED STATE , AND FELT INCLINED TO HAVE A ROUND WITH HIM",,,Little Dorrit
701,Londra,51.5074456,-0.1277653,Little Dorrit
702,Gilbert,33.3527632,-111.789037,Little Dorrit
703,Antwerp,51.2211097,4.3997081,Little Dorrit
704,Amsterdam,52.3730796,4.8924534,Little Dorrit
705,Casby,-34.0858996,150.7908252,Little Dorrit
706,Saint Paul â€™s Churchyard,,,Little Dorrit
707,England,52.5310214,-1.2649062,Martin Chuzzlewit
708,London,51.5074456,-0.1277653,Martin Chuzzlewit
709,New York,40.7127281,-74.0060152,Martin Chuzzlewit
710,America,39.7837304,-100.445882,Martin Chuzzlewit
711,Spain,39.3260685,-4.8379791,Martin Chuzzlewit
712,Westminster,51.5004439,-0.1265398,Martin Chuzzlewit
713,Salisbury,51.0690613,-1.7954134,Martin Chuzzlewit
714,Christendom,52.2596702,-7.0985056,Martin Chuzzlewit
715,Ireland,52.865196,-7.9794599,Martin Chuzzlewit
716,Hope,33.6670616,-93.5915665,Martin Chuzzlewit
717,Bounty,51.523182,-107.3625591,Martin Chuzzlewit
718,Rome,41.8933203,12.4829321,Martin Chuzzlewit
719,Constantinople,41.006381,28.9758715,Martin Chuzzlewit
720,Chevy Slyme,,,Martin Chuzzlewit
721,Africa,11.5024338,17.7578122,Martin Chuzzlewit
722,Don Juan,-32.8128903,-60.7140554,Martin Chuzzlewit
723,Scotland,56.7861112,-4.1140518,Martin Chuzzlewit
724,Todgers,36.0397485,-86.7489099,Martin Chuzzlewit
725,Camberwell,51.4745706,-0.0925416,Martin Chuzzlewit
726,Germany,51.1638175,10.4478313,Martin Chuzzlewit
727,Baal,50.9956319,4.7523911,Martin Chuzzlewit
728,Britannia,55.9821462,-3.1773092,Martin Chuzzlewit
729,Pecksniff,-42.1705567,171.500772,Martin Chuzzlewit
730,Thither,43.2641692,-70.5931974,Martin Chuzzlewit
731,Europe,51.0,10.0,Martin Chuzzlewit
732,Northkey,24.6840393,-82.8092867,Martin Chuzzlewit
733,Westlock,54.1525241,-113.8519902,Martin Chuzzlewit
734,Hounslow,51.4686132,-0.3613471,Martin Chuzzlewit
735,Wiltshire,51.324162,-1.9032487,Martin Chuzzlewit
736,the,52.4577754,-1.8692099,Martin Chuzzlewit
737,Liverpool,53.4071991,-2.99168,Martin Chuzzlewit
738,Old York,49.2225368,28.4232101,Martin Chuzzlewit
739,Columbia,4.099917,-72.9088133,Martin Chuzzlewit
740,Mayfair,51.5110872,-0.147058,Martin Chuzzlewit
741,Holborn,51.5195982,-0.1137266,Martin Chuzzlewit
742,New York Sewer,41.311798,-74.1429973,Martin Chuzzlewit
743,New York Stabber,,,Martin Chuzzlewit
744,York,53.9656579,-1.0743052,Martin Chuzzlewit
745,Washington,38.8950368,-77.0365427,Martin Chuzzlewit
746,Mississippi,32.9715285,-89.7348497,Martin Chuzzlewit
747,Missouri,38.7604815,-92.5617875,Martin Chuzzlewit
748,Heaven,51.507865,-0.1245597,Martin Chuzzlewit
749,Millinery,40.7634977,-73.9676156,Martin Chuzzlewit
750,Hebrew,14.5478333,121.1334641,Martin Chuzzlewit
751,Fladdock,,,Martin Chuzzlewit
752,Ecod,25.2988489,55.388155,Martin Chuzzlewit
753,High Holborn,51.5172058,-0.122648,Martin Chuzzlewit
754,Stratford,52.1927803,-1.70634,Martin Chuzzlewit
755,EDEN,36.4884715,-79.7667026,Martin Chuzzlewit
756,Windsor,42.2858536,-82.9780695,Martin Chuzzlewit
757,Massachusetts,42.3788774,-72.032366,Martin Chuzzlewit
758,Natur,46.3439411,25.8271922,Martin Chuzzlewit
759,Cornwall,50.4433489,-4.6246566,Martin Chuzzlewit
760,Kent,51.2070749,0.7210362,Martin Chuzzlewit
761,Tarnal,,,Martin Chuzzlewit
762,ginâ€™ral,,,Martin Chuzzlewit
763,Indy,22.3511148,78.6677428,Martin Chuzzlewit
764,PART,18.0814066,-63.0467131,Martin Chuzzlewit
765,Cheapside,51.5138049,-0.0921771,Martin Chuzzlewit
766,Capricorn,-24.0463635,119.6940968,Martin Chuzzlewit
767,Bengal,39.4735045,-85.9228997,Martin Chuzzlewit
768,Brixton,51.4633914,-0.1148023,Martin Chuzzlewit
769,India,22.3511148,78.6677428,Martin Chuzzlewit
770,Jerusalem,31.7788472,35.2257856,Martin Chuzzlewit
771,Saint Polge,48.7353361,2.3238632,Martin Chuzzlewit
772,Harâ€™fordshire,,,Martin Chuzzlewit
773,Calcutta,22.5726459,88.3638953,Martin Chuzzlewit
774,Java,-6.7115076,110.6337137,Martin Chuzzlewit
775,Trafalgar,36.1822339,-6.0332217,Martin Chuzzlewit
776,IllinOY,,,Martin Chuzzlewit
777,Americay,40.8849956,-74.3816895,Martin Chuzzlewit
778,Persia,32.6475314,54.5643516,Martin Chuzzlewit
779,STARTING,49.0225822,2.1890291,Martin Chuzzlewit
780,Bagdad,33.3061701,44.3872213,Martin Chuzzlewit
781,Yoho,6.9229699,-5.5796837,Martin Chuzzlewit
782,Islington,51.5384287,-0.0999051,Martin Chuzzlewit
783,Aldermanbury,51.5165442,-0.0926452,Martin Chuzzlewit
784,Cornhill,57.6116818,-2.696266,Martin Chuzzlewit
785,Gravesend,51.4424747,0.3694468,Martin Chuzzlewit
786,Antwerp,51.2211097,4.3997081,Martin Chuzzlewit
787,London Bridge,51.508049,-0.0876715,Martin Chuzzlewit
788,Saint Bartholomew,50.0829206,14.4172026,Martin Chuzzlewit
789,Sweedlepipes,,,Martin Chuzzlewit
790,Araby,32.6756039,-114.5221714,Martin Chuzzlewit
791,Salisbury Plain,51.2486531,-1.8934831,Martin Chuzzlewit
792,Van Dieman â€™s Land,,,Martin Chuzzlewit
793,Cholberry,,,Martin Chuzzlewit
794,Bolberry,50.2385588,-3.8390847,Martin Chuzzlewit
795,England,52.5310214,-1.2649062,Nicholas Nickleby
796,Yorkshire,53.9825271,-1.38525,Nicholas Nickleby
797,London,51.5074456,-0.1277653,Nicholas Nickleby
798,Brunswick,52.2646577,10.5236066,Nicholas Nickleby
799,Dawlish,50.5797391,-3.468931,Nicholas Nickleby
800,Devonshire,50.7241405,-3.6607788,Nicholas Nickleby
801,Exeter,50.7256138,-3.5269209,Nicholas Nickleby
802,Florence,43.7697955,11.2556404,Nicholas Nickleby
803,Smithfield,35.5111996,-78.346102,Nicholas Nickleby
804,Midsummer,33.7029293,-117.7583927,Nicholas Nickleby
805,Halloa,,,Nicholas Nickleby
806,Dotheboys,,,Nicholas Nickleby
807,Greta Bridge,54.513494,-1.867859,Nicholas Nickleby
808,Islington,51.5384287,-0.0999051,Nicholas Nickleby
809,Grantham,52.913192,-0.6438974,Nicholas Nickleby
810,Eton Slocomb,,,Nicholas Nickleby
811,Stamford,41.0534302,-73.5387341,Nicholas Nickleby
812,Newark,40.735657,-74.1723667,Nicholas Nickleby
813,York,53.9656579,-1.0743052,Nicholas Nickleby
814,York Minster,53.9623561,-1.0820834,Nicholas Nickleby
815,Grogzwig,,,Nicholas Nickleby
816,Germany,51.1638175,10.4478313,Nicholas Nickleby
817,Lincoln,40.8088861,-96.7077751,Nicholas Nickleby
818,Gillingwater,,,Nicholas Nickleby
819,Swillenhausen,,,Nicholas Nickleby
820,France,46.603354,1.8883335,Nicholas Nickleby
821,Cornwall,50.4433489,-4.6246566,Nicholas Nickleby
822,Boroughbridge,54.0943398,-1.3947113,Nicholas Nickleby
823,Finsbury,51.521798,-0.0914245,Nicholas Nickleby
824,Westminster,51.5004439,-0.1265398,Nicholas Nickleby
825,Parliament,55.6759281,12.5809377,Nicholas Nickleby
826,Russia,64.6863136,97.7453061,Nicholas Nickleby
827,Cheltenham,51.8995685,-2.0711559,Nicholas Nickleby
828,Hammersmith,51.4920377,-0.2236401,Nicholas Nickleby
829,the United States,47.8291375,-122.5970742,Nicholas Nickleby
830,Syria,34.6401861,39.0494106,Nicholas Nickleby
831,Chelsea,51.4875167,-0.1687007,Nicholas Nickleby
832,Brompton,54.3617085,-1.4237114,Nicholas Nickleby
833,Portsmouth,50.800031,-1.0906023,Nicholas Nickleby
834,Guildford,51.2356068,-0.5732063,Nicholas Nickleby
835,Southampton,50.9025349,-1.404189,Nicholas Nickleby
836,Canterbury,51.2800275,1.0802533,Nicholas Nickleby
837,"Winchester,--when",38.30314,-77.4596489,Nicholas Nickleby
838,Ryde,50.7299865,-1.1603699,Nicholas Nickleby
839,Cheapside,51.5138049,-0.0921771,Nicholas Nickleby
840,Llandaff,51.495523,-3.2194743,Nicholas Nickleby
841,North Wales,52.9487856,-3.7601273,Nicholas Nickleby
842,Stratford,52.1927803,-1.70634,Nicholas Nickleby
843,Birmingham,52.4796992,-1.9026911,Nicholas Nickleby
844,Paris,48.8588897,2.320041,Nicholas Nickleby
845,COLOGNE,50.938361,6.959974,Nicholas Nickleby
846,MERCIE,63.4617429,-72.0101453,Nicholas Nickleby
847,Italy,42.6384261,12.674297,Nicholas Nickleby
848,Cross,35.3001216,-90.7750181,Nicholas Nickleby
849,India,22.3511148,78.6677428,Nicholas Nickleby
850,Kingston,17.9712148,-76.7928128,Nicholas Nickleby
851,Whitechapel,51.5174861,-0.0659685,Nicholas Nickleby
852,HERE,51.5030443,-0.0015493,Nicholas Nickleby
853,Taunton Vale,51.0319932,-3.1181829,Nicholas Nickleby
854,Bow,51.5309383,-0.0274853,Nicholas Nickleby
855,Camberwell,51.4745706,-0.0925416,Nicholas Nickleby
856,Oxford,51.7520131,-1.2578499,Nicholas Nickleby
857,Newgate,53.189006,-2.8881902,Nicholas Nickleby
858,Lunnun,52.0610706,-1.3682234,Nicholas Nickleby
859,Botany Bay,-33.9815082,151.1796169,Nicholas Nickleby
860,Barbary,52.094326,30.569483,Nicholas Nickleby
861,Aldgate,51.5142477,-0.0757186,Nicholas Nickleby
862,Paving,-26.1829222,28.0892602,Nicholas Nickleby
863,Tartary,44.8035849,4.6150972,Nicholas Nickleby
864,China,35.000074,104.999927,Nicholas Nickleby
865,Europe,51.0,10.0,Nicholas Nickleby
866,Asia,51.2086975,89.2343748,Nicholas Nickleby
867,Africa,11.5024338,17.7578122,Nicholas Nickleby
868,America,39.7837304,-100.445882,Nicholas Nickleby
869,Pimlico,51.4889993,-0.1398817,Nicholas Nickleby
870,Heaven,51.507865,-0.1245597,Nicholas Nickleby
871,Liverpool,53.4071991,-2.99168,Nicholas Nickleby
872,Tutbury,52.8492143,-1.7025715,Nicholas Nickleby
873,Tim Linkinwater,,,Nicholas Nickleby
874,Blunderbore,,,Nicholas Nickleby
875,Madagascar,-18.9249604,46.4416422,Nicholas Nickleby
876,Diamonds,45.5206006,-122.6740435,Nicholas Nickleby
877,Kalydor,,,Nicholas Nickleby
878,Hampton,37.0264414,-76.3442846,Nicholas Nickleby
879,Brussels,50.8465573,4.351697,Nicholas Nickleby
880,Twickenham,51.4467444,-0.3281887,Nicholas Nickleby
881,Petersham,42.4883041,-72.1866162,Nicholas Nickleby
882,Scotland,56.7861112,-4.1140518,Nicholas Nickleby
883,Lambeth,51.4952111,-0.1163354,Nicholas Nickleby
884,Purechurch,,,Nicholas Nickleby
885,Leicestershire,52.6849138,-1.1847653,Nicholas Nickleby
886,Soho,51.5140654,-0.1350494,Nicholas Nickleby
887,Piccadilly,51.5064454,-0.1434673,Nicholas Nickleby
888,Westminster,51.5004439,-0.1265398,Old Curiosity
889,Eton,51.4885381,-0.6091736,Old Curiosity
890,Surrey,51.2715316,-0.3414524,Old Curiosity
891,Dorsetshire,50.7968369,-2.3447323,Old Curiosity
892,Chelsea,51.4875167,-0.1687007,Old Curiosity
893,dudgeon,51.5721251,-119.1554707,Old Curiosity
894,London,51.5074456,-0.1277653,Old Curiosity
895,Margate,51.3878174,1.3819699,Old Curiosity
896,England,52.5310214,-1.2649062,Old Curiosity
897,Wales,52.2928116,-3.73893,Old Curiosity
898,Finchley,51.5973246,-0.1805587,Old Curiosity
899,Africa,11.5024338,17.7578122,Old Curiosity
900,Demerara,5.6300783,-58.3934238,Old Curiosity
901,China,35.000074,104.999927,Old Curiosity
902,Canterbury,51.2800275,1.0802533,Old Curiosity
903,Esquire,51.0785281,-114.1497323,Old Curiosity
904,Houndsditch,51.516015,-0.0798215,Old Curiosity
905,Whitechapel,51.5174861,-0.0659685,Old Curiosity
906,North,13.45911,-2.2496367,Old Curiosity
907,Brassâ€™s,12.9705196,77.6006386,Old Curiosity
908,Thigsberry,,,Old Curiosity
909,Paradise,36.0724299,-115.1474759,Old Curiosity
910,Soho,51.5140654,-0.1350494,Old Curiosity
911,Grinidge,,,Old Curiosity
912,Halloa,,,Old Curiosity
913,Highgate,51.5706446,-0.1492397,Old Curiosity
914,Great Britain,54.3151594,-1.9181532,Old Curiosity
915,Witherden,51.8703745,0.1396882,Old Curiosity
916,Peckham Rye,51.4700059,-0.0694125,Old Curiosity
917,Damascus,39.2884381,-77.2038717,Old Curiosity
918,Grand Cairo,14.486796,121.0045597,Old Curiosity
919,Cheselbourne,50.8041438,-2.3425782,Old Curiosity
920,Hampstead,51.55653,-0.1783011,Old Curiosity
921,Paris,48.8534951,2.3483915,Old Curiosity
922,Z.,53.5450793,15.5661586,Oliver Twist
923,England,52.5310214,-1.2649062,Oliver Twist
924,Birmingham,52.4796992,-1.9026911,Oliver Twist
925,Bridewell,51.7462003,-8.7350668,Oliver Twist
926,LONDON,51.5074456,-0.1277653,Oliver Twist
927,Barnet,51.65309,-0.2002261,Oliver Twist
928,Islington,51.5384287,-0.0999051,Oliver Twist
929,Clerkenwell,51.5237268,-0.1055555,Oliver Twist
930,Newgate,53.189006,-2.8881902,Oliver Twist
931,Pentonville,51.5321048,-0.1148938,Oliver Twist
932,Ratcliffe,51.5115396,-0.0442364,Oliver Twist
933,Jamaica,18.1850507,-77.3947693,Oliver Twist
934,Smithfield,35.5111996,-78.346102,Oliver Twist
935,Clerkinwell,,,Oliver Twist
936,Heaven,51.507865,-0.1245597,Oliver Twist
937,Whitechapel,51.5174861,-0.0659685,Oliver Twist
938,Chertsey,51.392296,-0.5038294,Oliver Twist
939,Ned,19.1601795,77.3098821,Oliver Twist
940,Shoreditch,51.5266694,-0.0798926,Oliver Twist
941,Holborn,51.5195982,-0.1137266,Oliver Twist
942,Kensington,51.4989948,-0.1991229,Oliver Twist
943,Isleworth,51.4685202,-0.325966,Oliver Twist
944,Hammersmith,51.4920377,-0.2236401,Oliver Twist
945,Chiswick,51.4923137,-0.263818,Oliver Twist
946,Brentford,51.4863958,-0.3216623,Oliver Twist
947,Halliford,-27.4539955,150.9596307,Oliver Twist
948,Shepperton,51.3939186,-0.448674,Oliver Twist
949,Sunbury,40.8619754,-76.7936252,Oliver Twist
950,Edmonton,53.5462055,-113.491241,Oliver Twist
951,Battlebridge,51.2554459,-0.1595303,Oliver Twist
952,Kingston,17.9712148,-76.7928128,Oliver Twist
953,Stop,46.4369086,13.6728474,Oliver Twist
954,Spitalfields,51.5195274,-0.0751701,Oliver Twist
955,Cod,44.520752,-109.0218534,Oliver Twist
956,Camden Town,51.5392533,-0.142757,Oliver Twist
957,Nowhere,38.7311123,-95.2414104,Oliver Twist
958,London Bridge,51.508049,-0.0876715,Oliver Twist
959,Highgate,51.5706446,-0.1492397,Oliver Twist
960,Whittington,52.1728069,-2.1840377,Oliver Twist
961,Hampstead,51.55653,-0.1783011,Oliver Twist
962,Hendon,51.5897175,-0.2216026,Oliver Twist
963,Thither,43.2641692,-70.5931974,Oliver Twist
964,Hatfield,51.7634675,-0.2258741,Oliver Twist
965,St. Albans,51.753051,-0.3379675,Oliver Twist
966,France,46.603354,1.8883335,Oliver Twist
967,Damme,51.2499641,3.3217195,Oliver Twist
968,Rome,41.8933203,12.4829321,Oliver Twist
969,Paris,48.8534951,2.3483915,Oliver Twist
970,Rotherhithe,51.5002908,-0.0436321,Oliver Twist
971,Dockhead,51.5000867,-0.072671,Oliver Twist
972,pell - mell,38.0201613,23.7454438,Oliver Twist
973,Wales,52.2928116,-3.73893,Oliver Twist
974,Chester,53.1908873,-2.8908955,Oliver Twist
975,SOMEWHERE,51.5375149,-0.2029211,Our Mutual Friend
976,London,51.5074456,-0.1277653,Our Mutual Friend
977,Snigsworthy,,,Our Mutual Friend
978,Jamaica,18.1850507,-77.3947693,Our Mutual Friend
979,Tobago,11.2404615,-60.672006,Our Mutual Friend
980,Nowhere,38.7311123,-95.2414104,Our Mutual Friend
981,Europe,51.0,10.0,Our Mutual Friend
982,Brussels,50.8465573,4.351697,Our Mutual Friend
983,Canterbury,51.2800275,1.0802533,Our Mutual Friend
984,Ratcliffe,51.5115396,-0.0442364,Our Mutual Friend
985,Rotherhithe,51.5002908,-0.0436321,Our Mutual Friend
986,Westminster,51.5004439,-0.1265398,Our Mutual Friend
987,England,52.5310214,-1.2649062,Our Mutual Friend
988,Cheapside,51.5139127,-0.092888,Our Mutual Friend
989,Chicksey,,,Our Mutual Friend
990,Holloway,51.5572453,-0.1183706,Our Mutual Friend
991,Erboff,,,Our Mutual Friend
992,Bower,-34.1230917,139.3535605,Our Mutual Friend
993,Arbour,49.2756065,-122.9073653,Our Mutual Friend
994,Rooshan,35.5745334,51.466166,Our Mutual Friend
995,Print,45.4270935,-75.6890919,Our Mutual Friend
996,Chiswick,51.4923137,-0.263818,Our Mutual Friend
997,Clerkenwell,51.5237268,-0.1055555,Our Mutual Friend
998,Agincourt,48.7323472,6.236384,Our Mutual Friend
999,Harmony Jail,25.344146,82.9706047,Our Mutual Friend
1000,Shares,9.3749624,-83.7048133,Our Mutual Friend
1001,Paris,48.8534951,2.3483915,Our Mutual Friend
1002,Parliament,55.6759281,12.5809377,Our Mutual Friend
1003,Hymen,-33.9601522,151.0448927,Our Mutual Friend
1004,Rhodes,48.7584377,6.8985177,Our Mutual Friend
1005,Piccadilly,51.5064454,-0.1434673,Our Mutual Friend
1006,Yorkshire,53.9825271,-1.38525,Our Mutual Friend
1007,Stucconia,,,Our Mutual Friend
1008,Wight,50.6710482,-1.3327111,Our Mutual Friend
1009,Shanklin,50.6288132,-1.1779031,Our Mutual Friend
1010,Londres,51.5074456,-0.1277653,Our Mutual Friend
1011,Mong,46.8250388,103.8499736,Our Mutual Friend
1012,"the Streets Of The World â€™s Metropolis , London , Londres , London",,,Our Mutual Friend
1013,Metropolis,38.1260765,27.324371,Our Mutual Friend
1014,Britannique,55.001251,-125.002441,Our Mutual Friend
1015,Angleterre,52.5310214,-1.2649062,Our Mutual Friend
1016,Ozer,32.0517833,34.7911013,Our Mutual Friend
1017,Blest,-34.4347908,-58.8139501,Our Mutual Friend
1018,Asia,51.2086975,89.2343748,Our Mutual Friend
1019,Africa,11.5024338,17.7578122,Our Mutual Friend
1020,America,39.7837304,-100.445882,Our Mutual Friend
1021,Podsnappery,,,Our Mutual Friend
1022,Hampton,37.0264414,-76.3442846,Our Mutual Friend
1023,Essex,51.7704679,0.4646698,Our Mutual Friend
1024,Kent,51.2070749,0.7210362,Our Mutual Friend
1025,Wellington,-41.2887953,174.7772114,Our Mutual Friend
1026,Whitefriars,52.4050669,-1.5015793,Our Mutual Friend
1027,Northfleet,51.4432285,0.3363286,Our Mutual Friend
1028,Cosy,48.8552062,2.2718633,Our Mutual Friend
1029,Brentford,51.4863958,-0.3216623,Our Mutual Friend
1030,Portland Place,51.5211252,-0.1453006,Our Mutual Friend
1031,Linseed,54.1080931,-2.1165363,Our Mutual Friend
1032,Esquire,51.0785281,-114.1497323,Our Mutual Friend
1033,Surrey,51.2715316,-0.3414524,Our Mutual Friend
1034,Millbank,51.4894929,-0.1279708,Our Mutual Friend
1035,Bedlam.â€”Now,,,Our Mutual Friend
1036,Britannia,55.9821462,-3.1773092,Our Mutual Friend
1037,Waterloo,42.498275,-92.3328743,Our Mutual Friend
1038,Italy,42.6384261,12.674297,Our Mutual Friend
1039,Pocket - Breaches,,,Our Mutual Friend
1040,India,22.3511148,78.6677428,Our Mutual Friend
1041,Fledgeby,,,Our Mutual Friend
1042,St,0.9713095,7.02255,Our Mutual Friend
1043,Saul,37.2725912,-83.4954647,Our Mutual Friend
1044,Newcastle,54.9738474,-1.6131572,Our Mutual Friend
1045,China,35.000074,104.999927,Our Mutual Friend
1046,Gravesend,51.4424747,0.3694468,Our Mutual Friend
1047,Greenwich,51.4820845,-0.0045417,Our Mutual Friend
1048,Vesuvius,40.8213963,14.4261967,Our Mutual Friend
1049,Aetna,41.7669843,-72.6908971,Our Mutual Friend
1050,Iceland,64.9841821,-18.1059013,Our Mutual Friend
1051,Hexam,-31.940197,151.0890547,Our Mutual Friend
1052,Whitehall,51.5042602,-0.126329,Our Mutual Friend
1053,Newgate,53.189006,-2.8881902,Our Mutual Friend
1054,Snigsworth,,,Our Mutual Friend
1055,Warwick,52.2814519,-1.5815742,Our Mutual Friend
1056,Cornhill,57.6116818,-2.696266,Our Mutual Friend
1057,Israel,30.8124247,34.8594762,Our Mutual Friend
1058,Pubsey,,,Our Mutual Friend
1059,Riah,33.1733591,-7.390308,Our Mutual Friend
1060,Penal Settlement,10.1226007,-61.4924922,Our Mutual Friend
1061,Rome,41.8933203,12.4829321,Our Mutual Friend
1062,Halloa,,,Our Mutual Friend
1063,Southwark,51.5061349,-0.1011379,Our Mutual Friend
1064,Gloucester,51.8653705,-2.2458192,Our Mutual Friend
1065,Dunghill,50.5794669,-4.005724,Our Mutual Friend
1066,Cambridge,52.2055314,0.1186637,Our Mutual Friend
1067,Maryborough,-25.537583,152.7019182,Our Mutual Friend
1068,Ireland,52.865196,-7.9794599,Our Mutual Friend
1069,Chertsey,51.392296,-0.5038294,Our Mutual Friend
1070,Walton,30.6204939,-86.1912678,Our Mutual Friend
1071,Kingston,17.9712148,-76.7928128,Our Mutual Friend
1072,Staines,51.434012,-0.511044,Our Mutual Friend
1073,Oxfordshire,51.833333,-1.25,Our Mutual Friend
1074,Hertfordshire,51.8400523,-0.0978552,Our Mutual Friend
1075,Merry England,50.0651266,-5.5887742,Our Mutual Friend
1076,Wrayburn,53.3999436,-2.9468398,Our Mutual Friend
1077,Golconda,37.3672744,-88.4864316,Our Mutual Friend
1078,Wilfers,46.9405192,15.8802756,Our Mutual Friend
1079,Richmond,37.5385087,-77.43428,Our Mutual Friend
1080,Blackheath,51.470342,0.0058096,Our Mutual Friend
1081,Barcelona,41.3825802,2.177073,Our Mutual Friend
1082,St Helena,-15.9690718,-5.71295,Our Mutual Friend
1083,PEPPER,39.1887055,-80.1564726,Our Mutual Friend
1084,Albany,41.000028,19.9999619,Our Mutual Friend
1085,Lammle,49.7952891,9.929406,Our Mutual Friend
1086,Egypt,26.2540493,29.2675469,Our Mutual Friend
1087,Eternity,47.6702622,-122.098945,Our Mutual Friend
1088,London Bridge,51.508049,-0.0876715,Our Mutual Friend
1089,GENERAL,10.6453219,124.4587925,Our Mutual Friend
1090,Calais,50.9524769,1.8538446,Our Mutual Friend
1091,Twemlow,53.2165702,-2.3393933,Our Mutual Friend
1092,Britain,54.3151594,-1.9181532,Our Mutual Friend
1093,Russia,64.6863136,97.7453061,Our Mutual Friend
1094,France,46.603354,1.8883335,Our Mutual Friend
1095,Coketown,40.3456245,-80.6056291,Our Mutual Friend
1096,England,52.5310214,-1.2649062,The Battle of Life
1097,Britain,54.3151594,-1.9181532,The Battle of Life
1098,Old England,50.8428356,4.3590958,The Battle of Life
1099,London,51.5074456,-0.1277653,The Battle of Life
1100,Chancery,53.7249045,-7.4558109,The Battle of Life
1101,Ireland,52.865196,-7.9794599,The Battle of Life
1102,Paradise,36.0724299,-115.1474759,The Battle of Life
1103,Heaven,51.507865,-0.1245597,The Battle of Life
1104,England,52.5310214,-1.2649062,The Chimes
1105,Heaven,51.507865,-0.1245597,The Chimes
1106,London,51.5074456,-0.1277653,The Chimes
1107,Toby Veck,,,The Chimes
1108,Dorsetshire,50.7968369,-2.3447323,The Chimes
1109,Tackletons,,,The Cricket
1110,Halloa,,,The Cricket
1111,Tilly,49.1454611,1.5298369,The Cricket
1112,Boxer,50.0824172,5.9913797,The Cricket
1113,Berthaâ€™s,,,The Cricket
1114,Tackleton,,,The Cricket
1115,Battersea,51.4707933,-0.172214,The Haunted Man
1116,England,52.5310214,-1.2649062,The Haunted Man
1117,Widge,30.4188774,-97.6871151,The Haunted Man
1118,Bridge,51.2455894,1.1252825,The Haunted Man
1119,London Bridge,51.508049,-0.0876715,The Haunted Man
1120,Blackfriars,51.5115854,-0.1037671,The Haunted Man
1121,Chelsea,51.4875167,-0.1687007,The Haunted Man
1122,Putney,51.4625314,-0.2163018,The Haunted Man
1123,Waterloo,42.498275,-92.3328743,The Haunted Man
1124,London,51.5074456,-0.1277653,The Haunted Man
1125,Heaven,51.507865,-0.1245597,The Haunted Man
1126,Hornsey,51.5873645,-0.1209667,The Pickwick Papers
1127,Highgate,51.5706446,-0.1492397,The Pickwick Papers
1128,Brixton,51.4633914,-0.1148023,The Pickwick Papers
1129,Camberwell,51.4745706,-0.0925416,The Pickwick Papers
1130,London,51.5074456,-0.1277653,The Pickwick Papers
1131,Hampstead,51.55653,-0.1783011,The Pickwick Papers
1132,Aldgate,51.5142477,-0.0757186,The Pickwick Papers
1133,St. Martinâ€™s - le - Grand,,,The Pickwick Papers
1134,Pentonwil,,,The Pickwick Papers
1135,Rochester,43.157285,-77.615214,The Pickwick Papers
1136,Whitehall,51.5042602,-0.126329,The Pickwick Papers
1137,Spain,39.3260685,-4.8379791,The Pickwick Papers
1138,England,52.5310214,-1.2649062,The Pickwick Papers
1139,Stroud,51.745424,-2.2198605,The Pickwick Papers
1140,Chatham,31.9668887,-81.0626008,The Pickwick Papers
1141,Brompton,54.3617085,-1.4237114,The Pickwick Papers
1142,Kent,51.2070749,0.7210362,The Pickwick Papers
1143,Providence,41.8239891,-71.4128343,The Pickwick Papers
1144,Surrey,51.2715316,-0.3414524,The Pickwick Papers
1145,Dingley Dell,42.1189832,-72.2578572,The Pickwick Papers
1146,MUGGLETON DINED,,,The Pickwick Papers
1147,Muggleton,51.1587412,-1.7650331,The Pickwick Papers
1148,Muggleton--,51.1587412,-1.7650331,The Pickwick Papers
1149,Damp,54.583368,10.0227108,The Pickwick Papers
1150,Borough,51.5011444,-0.0932926,The Pickwick Papers
1151,Dorking,51.2325184,-0.3306724,The Pickwick Papers
1152,Canterbury,51.2800275,1.0802533,The Pickwick Papers
1153,Cobham,51.3300079,-0.4120821,The Pickwick Papers
1154,Eatanswill,,,The Pickwick Papers
1155,La,20.0171109,103.378253,The Pickwick Papers
1156,Bristol,51.4538022,-2.5972985,The Pickwick Papers
1157,Bilson,64.1170886,-21.7821544,The Pickwick Papers
1158,Slum,45.4388828,14.0020198,The Pickwick Papers
1159,City,-37.8141705,144.9655616,The Pickwick Papers
1160,France,46.603354,1.8883335,The Pickwick Papers
1161,England--,52.5310214,-1.2649062,The Pickwick Papers
1162,Smorltork,,,The Pickwick Papers
1163,Bury,49.3132772,2.3439338,The Pickwick Papers
1164,Cornhill,57.6116818,-2.696266,The Pickwick Papers
1165,Scotland,56.7861112,-4.1140518,The Pickwick Papers
1166,Tyburn,51.518391,-0.1529642,The Pickwick Papers
1167,HIS LONG - LOST PARENT,,,The Pickwick Papers
1168,Westminster,51.5004439,-0.1265398,The Pickwick Papers
1169,Fogg,-1.9139177,11.8962954,The Pickwick Papers
1170,Bardell,51.9768712,1.0125251,The Pickwick Papers
1171,Ipswich,52.0579324,1.1528095,The Pickwick Papers
1172,Chelmsford,51.7345329,0.4730532,The Pickwick Papers
1173,Jingle,38.395993,112.085828,The Pickwick Papers
1174,Whitechapel,51.5174861,-0.0659685,The Pickwick Papers
1175,Newgate,53.189006,-2.8881902,The Pickwick Papers
1176,Camden Town,51.5392533,-0.142757,The Pickwick Papers
1177,Turkey,39.294076,35.2316631,The Pickwick Papers
1178,Sierra Leone,8.6400349,-11.8400269,The Pickwick Papers
1179,Saugur Point,,,The Pickwick Papers
1180,Granby,45.3990409,-72.721834,The Pickwick Papers
1181,Hollands,54.861363,-7.5117791,The Pickwick Papers
1182,Merriker,,,The Pickwick Papers
1183,Chancery,53.7249045,-7.4558109,The Pickwick Papers
1184,Lincoln,40.8088861,-96.7077751,The Pickwick Papers
1185,Southwark,51.5061349,-0.1011379,The Pickwick Papers
1186,London Bridge,51.508049,-0.0876715,The Pickwick Papers
1187,Wultur,,,The Pickwick Papers
1188,Suffolk,52.2410014,1.0465716,The Pickwick Papers
1189,Garraways,52.0230175,-0.7448442,The Pickwick Papers
1190,July,-15.638786,34.704887,The Pickwick Papers
1191,BATH,51.3813864,-2.3596963,The Pickwick Papers
1192,Esquire,51.0785281,-114.1497323,The Pickwick Papers
1193,Bantam,38.9988329,-84.141076,The Pickwick Papers
1194,Ba -- ath,48.9383736,7.1805532,The Pickwick Papers
1195,Clapham Green,54.0258106,-1.630505,The Pickwick Papers
1196,Athens,33.9597677,-83.376398,The Pickwick Papers
1197,Britain,54.3151594,-1.9181532,The Pickwick Papers
1198,Clifton,40.8584328,-74.1637553,The Pickwick Papers
1199,Arternoon,,,The Pickwick Papers
1200,New South Wales,-31.8759835,147.2869493,The Pickwick Papers
1201,consekens,,,The Pickwick Papers
1202,regâ€™lar,-29.7773265,31.0172819,The Pickwick Papers
1203,Houndsditch,51.516015,-0.0798215,The Pickwick Papers
1204,Vell,59.2765654,-2.9820274,The Pickwick Papers
1205,Kensington,51.4989948,-0.1991229,The Pickwick Papers
1206,Roast,51.5053997,-0.0909664,The Pickwick Papers
1207,THE DIMINUTIVE WORLD HE INHABITS,,,The Pickwick Papers
1208,Dodson,48.395979,-108.243819,The Pickwick Papers
1209,Holborn,51.5195982,-0.1137266,The Pickwick Papers
1210,Birmingham,52.4796992,-1.9026911,The Pickwick Papers
1211,Arabella,43.2619344,-2.9114008,The Pickwick Papers
1212,Edinburgh,55.9533456,-3.1883749,The Pickwick Papers
1213,Glasgow,55.861155,-4.2501687,The Pickwick Papers
1214,Filletoville,,,The Pickwick Papers
1215,Tewkesbury,51.9937857,-2.1549574,The Pickwick Papers
1216,Coventry,52.4081812,-1.510477,The Pickwick Papers
1217,Dunchurch,52.3370766,-1.2900957,The Pickwick Papers
1218,Towcester,52.132756,-0.9894811,The Pickwick Papers
1219,China,35.000074,104.999927,The Pickwick Papers
1220,Demerara,5.6300783,-58.3934238,The Pickwick Papers
1221,Liverpool,53.4071991,-2.99168,The Pickwick Papers
1222,America,39.7837304,-100.445882,The Pickwick Papers
1223,Wulter,,,The Pickwick Papers
1224,Dulwich,51.4418786,-0.0843244,The Pickwick Papers
1225,Richmond,37.5385087,-77.43428,The Pickwick Papers
1226,Bengal,39.4735045,-85.9228997,The Pickwick Papers
